kmer;seqIDs
TTTACCAGGGACGAAGAACGTG;Zotu36
TTACCAGGGACGAAGAACGTGA;Zotu36
TACCAGGGACGAAGAACGTGAC;Zotu36
ACGAAGAACGTGACGGTACCTG;Zotu36
CGAAGAACGTGACGGTACCTGG;Zotu36
GAAGAACGTGACGGTACCTGGA;Zotu36
AAGAACGTGACGGTACCTGGAG;Zotu36
AGAACGTGACGGTACCTGGAGA;Zotu36
GAACGTGACGGTACCTGGAGAA;Zotu36
AACGTGACGGTACCTGGAGAAA;Zotu36
AAAGCAACGGCTAACTACGTGC;Zotu36, Zotu1458
AAGCAACGGCTAACTACGTGCC;Zotu36, Zotu1458
AGCAACGGCTAACTACGTGCCA;Zotu36, Zotu1458
GCAACGGCTAACTACGTGCCAG;Zotu36, Zotu1458
CAACGGCTAACTACGTGCCAGC;Zotu36, Zotu1458
AACGGCTAACTACGTGCCAGCA;Zotu36, Zotu1458
ACGGCTAACTACGTGCCAGCAG;Zotu36, Zotu1458, Zotu2464, Zotu2882, Zotu5523, Zotu9338, Zotu17086
CCAGCAGCCGCGGTAATACGTA;Zotu36, Zotu1458, Zotu1846, Zotu2464, Zotu2882, Zotu5523, Zotu7180, Zotu9338, Zotu17086, Zotu22563
CAGCAGCCGCGGTAATACGTAG;Zotu36, Zotu1458, Zotu1846, Zotu2464, Zotu2882, Zotu5523, Zotu7180, Zotu9338, Zotu17086, Zotu22563
AGCAGCCGCGGTAATACGTAGG;Zotu36, Zotu1458, Zotu1846, Zotu2464, Zotu2882, Zotu5523, Zotu7180, Zotu9338, Zotu17086, Zotu22563
GCAGCCGCGGTAATACGTAGGT;Zotu36, Zotu1458, Zotu2464, Zotu2882, Zotu5523, Zotu9338, Zotu17086
CAGCCGCGGTAATACGTAGGTT;Zotu36, Zotu1458
AGCCGCGGTAATACGTAGGTTG;Zotu36, Zotu1458
GCCGCGGTAATACGTAGGTTGC;Zotu36, Zotu1458
CCGCGGTAATACGTAGGTTGCA;Zotu36, Zotu1458
CGCGGTAATACGTAGGTTGCAA;Zotu36, Zotu1458
GCGGTAATACGTAGGTTGCAAG;Zotu36, Zotu1458
CGGTAATACGTAGGTTGCAAGC;Zotu36, Zotu1458
GGTAATACGTAGGTTGCAAGCG;Zotu36, Zotu1458
GTAATACGTAGGTTGCAAGCGT;Zotu36, Zotu1458
TAATACGTAGGTTGCAAGCGTT;Zotu36, Zotu1458
TTGCAAGCGTTGTCCGGATTTA;Zotu36, Zotu1458
TGCAAGCGTTGTCCGGATTTAC;Zotu36, Zotu1458
GCAAGCGTTGTCCGGATTTACT;Zotu36, Zotu1458, Zotu5523
CAAGCGTTGTCCGGATTTACTG;Zotu36, Zotu1458, Zotu5523
AAGCGTTGTCCGGATTTACTGG;Zotu36, Zotu1458, Zotu5523
AGCGTTGTCCGGATTTACTGGG;Zotu36, Zotu1458, Zotu5523, Zotu7180
GCGTTGTCCGGATTTACTGGGT;Zotu36, Zotu1458, Zotu5523, Zotu7180
CGTTGTCCGGATTTACTGGGTG;Zotu36, Zotu1458, Zotu5523, Zotu7180
GTTGTCCGGATTTACTGGGTGT;Zotu36, Zotu1458, Zotu5523, Zotu7180
TTGTCCGGATTTACTGGGTGTA;Zotu36, Zotu1458, Zotu5523, Zotu7180
GCGTGTAGGCGGAGATGCAAGT;Zotu36, Zotu1458, Zotu5523
CGTGTAGGCGGAGATGCAAGTT;Zotu36, Zotu1458
GTGTAGGCGGAGATGCAAGTTG;Zotu36, Zotu1458
TGTAGGCGGAGATGCAAGTTGG;Zotu36, Zotu1458
GTAGGCGGAGATGCAAGTTGGG;Zotu36, Zotu1458
TAGGCGGAGATGCAAGTTGGGA;Zotu36, Zotu1458
GAGATGCAAGTTGGGAGTGAAA;Zotu36, Zotu1458
AGATGCAAGTTGGGAGTGAAAT;Zotu36, Zotu1458
GATGCAAGTTGGGAGTGAAATC;Zotu36, Zotu1458
ATGCAAGTTGGGAGTGAAATCC;Zotu36, Zotu1458
AAACTGCATCCCTTGAGTATCG;Zotu36, Zotu5523
AACTGCATCCCTTGAGTATCGG;Zotu36, Zotu5523
ACTGCATCCCTTGAGTATCGGA;Zotu36, Zotu5523
CTGCATCCCTTGAGTATCGGAG;Zotu36, Zotu5523
TGCATCCCTTGAGTATCGGAGA;Zotu36, Zotu5523
GCATCCCTTGAGTATCGGAGAG;Zotu36, Zotu5523
CATCCCTTGAGTATCGGAGAGG;Zotu36, Zotu5523
ATCCCTTGAGTATCGGAGAGGC;Zotu36, Zotu1458, Zotu5523
TCCCTTGAGTATCGGAGAGGCA;Zotu36, Zotu1458, Zotu5523
CCCTTGAGTATCGGAGAGGCAA;Zotu36, Zotu1458
TTGAGTATCGGAGAGGCAAGCG;Zotu36, Zotu1458
TGAGTATCGGAGAGGCAAGCGG;Zotu36, Zotu1458
GAATTCCTAGTGTAGCGGTGAA;Zotu36, Zotu1458, Zotu5523, Zotu7180, Zotu22563
AATTCCTAGTGTAGCGGTGAAA;Zotu36, Zotu1458, Zotu5523, Zotu7180, Zotu22563
ATTCCTAGTGTAGCGGTGAAAT;Zotu36, Zotu1458, Zotu5523, Zotu7180, Zotu22563
TTCCTAGTGTAGCGGTGAAATG;Zotu36, Zotu1458, Zotu5523, Zotu7180, Zotu22563
TCCTAGTGTAGCGGTGAAATGC;Zotu36, Zotu1458, Zotu5523, Zotu7180, Zotu22563
CCTAGTGTAGCGGTGAAATGCG;Zotu36, Zotu1458, Zotu7180, Zotu22563
CTAGTGTAGCGGTGAAATGCGT;Zotu36, Zotu1458, Zotu7180, Zotu22563
TAGTGTAGCGGTGAAATGCGTA;Zotu36, Zotu1458, Zotu7180, Zotu22563
TAGCGGTGAAATGCGTAGATAT;Zotu36, Zotu1458, Zotu7180, Zotu9338, Zotu17086, Zotu22563
AGCGGTGAAATGCGTAGATATT;Zotu36, Zotu1458, Zotu7180, Zotu22563
GCGGTGAAATGCGTAGATATTA;Zotu36, Zotu1458, Zotu7180, Zotu22563
CGGTGAAATGCGTAGATATTAG;Zotu36, Zotu1458, Zotu7180, Zotu22563
GGTGAAATGCGTAGATATTAGG;Zotu36, Zotu1458, Zotu7180, Zotu22563
GAAATGCGTAGATATTAGGAGG;Zotu36, Zotu1458, Zotu7180, Zotu22563
ATGCGTAGATATTAGGAGGAAC;Zotu36, Zotu1458, Zotu2882, Zotu7180, Zotu22563
TGCGTAGATATTAGGAGGAACA;Zotu36, Zotu1458, Zotu2882, Zotu7180, Zotu22563
GCGTAGATATTAGGAGGAACAC;Zotu36, Zotu1458, Zotu2882, Zotu7180, Zotu22563
CGTAGATATTAGGAGGAACACC;Zotu36, Zotu1458, Zotu2882, Zotu7180, Zotu22563
GTAGATATTAGGAGGAACACCA;Zotu36, Zotu1458, Zotu2882, Zotu7180, Zotu22563
TAGATATTAGGAGGAACACCAG;Zotu36, Zotu1458, Zotu2882, Zotu5523, Zotu7180, Zotu22563
AGATATTAGGAGGAACACCAGT;Zotu36, Zotu1458, Zotu2882, Zotu5523, Zotu7180, Zotu22563
GATATTAGGAGGAACACCAGTG;Zotu36, Zotu1458, Zotu2882, Zotu5523, Zotu7180, Zotu22563
ATATTAGGAGGAACACCAGTGG;Zotu36, Zotu1458, Zotu2882, Zotu5523, Zotu7180, Zotu22563
TATTAGGAGGAACACCAGTGGC;Zotu36, Zotu1458, Zotu2882, Zotu5523, Zotu7180, Zotu22563
ATTAGGAGGAACACCAGTGGCG;Zotu36, Zotu1458, Zotu2882, Zotu5523, Zotu7180, Zotu22563
TTAGGAGGAACACCAGTGGCGA;Zotu36, Zotu1458, Zotu2882, Zotu5523, Zotu7180, Zotu22563
TAGGAGGAACACCAGTGGCGAA;Zotu36, Zotu1458, Zotu2882, Zotu5523, Zotu7180, Zotu22563
AGGAGGAACACCAGTGGCGAAG;Zotu36, Zotu1458, Zotu2882, Zotu5523, Zotu7180, Zotu22563
AAGGCGGCTTGCTGGACGACAA;Zotu36, Zotu1458
CGGCTTGCTGGACGACAACTGA;Zotu36, Zotu1458
GGCTTGCTGGACGACAACTGAC;Zotu36, Zotu1458
TTGGTCAATGGACGTAAGTCTG;Zotu812
TGGTCAATGGACGTAAGTCTGA;Zotu812
GGTCAATGGACGTAAGTCTGAA;Zotu812
GTCAATGGACGTAAGTCTGAAC;Zotu812
TCAATGGACGTAAGTCTGAACC;Zotu812
CAATGGACGTAAGTCTGAACCA;Zotu812
AATGGACGTAAGTCTGAACCAG;Zotu812
ATGGACGTAAGTCTGAACCAGC;Zotu812
TGGACGTAAGTCTGAACCAGCC;Zotu812
GGACGTAAGTCTGAACCAGCCA;Zotu812
GACGTAAGTCTGAACCAGCCAA;Zotu812
ACGTAAGTCTGAACCAGCCAAG;Zotu812
AGTCTGAACCAGCCAAGTAGCG;Zotu812
GTCTGAACCAGCCAAGTAGCGT;Zotu812
TCTGAACCAGCCAAGTAGCGTG;Zotu812
CTGAACCAGCCAAGTAGCGTGC;Zotu812
TGAACCAGCCAAGTAGCGTGCA;Zotu812
GAACCAGCCAAGTAGCGTGCAG;Zotu812
AACCAGCCAAGTAGCGTGCAGG;Zotu812
ACCAGCCAAGTAGCGTGCAGGA;Zotu812
CCAGCCAAGTAGCGTGCAGGAT;Zotu812
CAGCCAAGTAGCGTGCAGGATG;Zotu812
AGCCAAGTAGCGTGCAGGATGA;Zotu812
GCCAAGTAGCGTGCAGGATGAC;Zotu812
CCAAGTAGCGTGCAGGATGACG;Zotu812
CAAGTAGCGTGCAGGATGACGG;Zotu812
AAGTAGCGTGCAGGATGACGGC;Zotu812
CAGGATGACGGCCCTATGGGTT;Zotu812
AGGATGACGGCCCTATGGGTTG;Zotu812
GGATGACGGCCCTATGGGTTGT;Zotu812
GATGACGGCCCTATGGGTTGTA;Zotu812
ATGACGGCCCTATGGGTTGTAA;Zotu812
TGACGGCCCTATGGGTTGTAAA;Zotu812
GACGGCCCTATGGGTTGTAAAC;Zotu812
ACGGCCCTATGGGTTGTAAACT;Zotu812
CGGCCCTATGGGTTGTAAACTG;Zotu812
GGCCCTATGGGTTGTAAACTGC;Zotu812
GCCCTATGGGTTGTAAACTGCT;Zotu812
CCCTATGGGTTGTAAACTGCTT;Zotu812
CCTATGGGTTGTAAACTGCTTT;Zotu812
TTTGCAGGTACCGCATGAATAA;Zotu812
TTGCAGGTACCGCATGAATAAG;Zotu812
TGCAGGTACCGCATGAATAAGG;Zotu812
GCAGGTACCGCATGAATAAGGA;Zotu812
CAGGTACCGCATGAATAAGGAC;Zotu812
AGGTACCGCATGAATAAGGACC;Zotu812
CCGCATGAATAAGGACCGGCTA;Zotu812
CGCATGAATAAGGACCGGCTAA;Zotu812
GCATGAATAAGGACCGGCTAAT;Zotu812
CATGAATAAGGACCGGCTAATT;Zotu812
AATAAGGACCGGCTAATTCCGT;Zotu812
ATAAGGACCGGCTAATTCCGTG;Zotu812
TAAGGACCGGCTAATTCCGTGC;Zotu812
AAGGACCGGCTAATTCCGTGCC;Zotu812
AGGACCGGCTAATTCCGTGCCA;Zotu812
ACCGGCTAATTCCGTGCCAGCA;Zotu812
CAGCAGCCGCGGTAATACGGAA;Zotu812
AGCAGCCGCGGTAATACGGAAG;Zotu812
CAGCCGCGGTAATACGGAAGGT;Zotu812
AGCCGCGGTAATACGGAAGGTC;Zotu812
TTATTGGGTTTAAAGGGAGCGT;Zotu812
TATTGGGTTTAAAGGGAGCGTA;Zotu812
ATTGGGTTTAAAGGGAGCGTAG;Zotu812
TTGGGTTTAAAGGGAGCGTAGG;Zotu812
TGGGTTTAAAGGGAGCGTAGGC;Zotu812
GGGTTTAAAGGGAGCGTAGGCC;Zotu812
GGTTTAAAGGGAGCGTAGGCCG;Zotu812
GTTTAAAGGGAGCGTAGGCCGG;Zotu812
TTTAAAGGGAGCGTAGGCCGGC;Zotu812
TTAAAGGGAGCGTAGGCCGGCT;Zotu812
TAAAGGGAGCGTAGGCCGGCTT;Zotu812
TTTAAGCGTGTTGTGAAATGCC;Zotu812
TTAAGCGTGTTGTGAAATGCCG;Zotu812
TAAGCGTGTTGTGAAATGCCGC;Zotu812
AAGCGTGTTGTGAAATGCCGCG;Zotu812
AGCGTGTTGTGAAATGCCGCGG;Zotu812
GGAGGTAGGCGGAATTCGTGGT;Zotu812
GAGGTAGGCGGAATTCGTGGTG;Zotu812
AGGTAGGCGGAATTCGTGGTGT;Zotu812
GGTAGGCGGAATTCGTGGTGTA;Zotu812
TAGGCGGAATTCGTGGTGTAGC;Zotu812
AGGCGGAATTCGTGGTGTAGCG;Zotu812
GTGTAGCGGTGAAATGCTTAGA;Zotu812
TGTAGCGGTGAAATGCTTAGAT;Zotu812
GTAGCGGTGAAATGCTTAGATA;Zotu812
AGCGGTGAAATGCTTAGATATC;Zotu812
GCGGTGAAATGCTTAGATATCA;Zotu812
GCTTAGATATCACGAAGAACTC;Zotu812
CTTAGATATCACGAAGAACTCC;Zotu812
TTAGATATCACGAAGAACTCCG;Zotu812
TAGATATCACGAAGAACTCCGA;Zotu812
AGATATCACGAAGAACTCCGAT;Zotu812
GATATCACGAAGAACTCCGATT;Zotu812
ATATCACGAAGAACTCCGATTG;Zotu812
TATCACGAAGAACTCCGATTGC;Zotu812
ATCACGAAGAACTCCGATTGCG;Zotu812
TCACGAAGAACTCCGATTGCGA;Zotu812
AAGAACTCCGATTGCGAAGGCA;Zotu812
AGAACTCCGATTGCGAAGGCAG;Zotu812
GAACTCCGATTGCGAAGGCAGC;Zotu812
AACTCCGATTGCGAAGGCAGCT;Zotu812
ACTCCGATTGCGAAGGCAGCTT;Zotu812
CTCCGATTGCGAAGGCAGCTTA;Zotu812
TCCGATTGCGAAGGCAGCTTAC;Zotu812
CCGATTGCGAAGGCAGCTTACC;Zotu812
CGATTGCGAAGGCAGCTTACCG;Zotu812
GATTGCGAAGGCAGCTTACCGT;Zotu812
ATTGCGAAGGCAGCTTACCGTA;Zotu812
TTGCGAAGGCAGCTTACCGTAG;Zotu812
TGCGAAGGCAGCTTACCGTAGC;Zotu812
CGAAGGCAGCTTACCGTAGCGT;Zotu812
GAAGGCAGCTTACCGTAGCGTT;Zotu812
AAGGCAGCTTACCGTAGCGTTA;Zotu812
TGACGCTGAAGCTCGAAAGTGC;Zotu812
GACGCTGAAGCTCGAAAGTGCG;Zotu812
ACGCTGAAGCTCGAAAGTGCGG;Zotu812
GCTGAAGCTCGAAAGTGCGGGT;Zotu812
CTGAAGCTCGAAAGTGCGGGTA;Zotu812
TGAAGCTCGAAAGTGCGGGTAT;Zotu812
GAAGCTCGAAAGTGCGGGTATC;Zotu812
AAGCTCGAAAGTGCGGGTATCG;Zotu812
TGCACAATGGGCGCAAGCCTGA;Zotu2464, Zotu22563
GCACAATGGGCGCAAGCCTGAT;Zotu2464, Zotu22563
CACAATGGGCGCAAGCCTGATG;Zotu2464, Zotu22563
ACAATGGGCGCAAGCCTGATGC;Zotu2464, Zotu22563
CAATGGGCGCAAGCCTGATGCA;Zotu2464, Zotu22563
AATGGGCGCAAGCCTGATGCAG;Zotu2464, Zotu22563
TGAAGAAGAAAGTGACGGTAGC;Zotu2464
GAAGAAGAAAGTGACGGTAGCC;Zotu2464
AAGAAGAAAGTGACGGTAGCCA;Zotu2464
AGAAGAAAGTGACGGTAGCCAA;Zotu2464
GAAGAAAGTGACGGTAGCCAAG;Zotu2464
AAGAAAGTGACGGTAGCCAAGG;Zotu2464
AGAAAGTGACGGTAGCCAAGGA;Zotu2464
GAAAGTGACGGTAGCCAAGGAG;Zotu2464
AAAGTGACGGTAGCCAAGGAGG;Zotu2464
AAGTGACGGTAGCCAAGGAGGA;Zotu2464
AGTGACGGTAGCCAAGGAGGAA;Zotu2464
GTGACGGTAGCCAAGGAGGAAG;Zotu2464
TGACGGTAGCCAAGGAGGAAGC;Zotu2464
CAGCCGCGGTAATACGTAGGTG;Zotu2464, Zotu5523, Zotu9338, Zotu17086
AGCCGCGGTAATACGTAGGTGG;Zotu2464, Zotu5523, Zotu9338, Zotu17086
CCGCGGTAATACGTAGGTGGCA;Zotu2464, Zotu5523, Zotu17086
CGCGGTAATACGTAGGTGGCAA;Zotu2464, Zotu5523, Zotu17086
GCGGTAATACGTAGGTGGCAAG;Zotu2464, Zotu5523, Zotu17086
CGGTAATACGTAGGTGGCAAGC;Zotu2464, Zotu5523, Zotu17086
GGTAATACGTAGGTGGCAAGCG;Zotu2464, Zotu5523, Zotu17086
GTAATACGTAGGTGGCAAGCGT;Zotu2464, Zotu5523, Zotu17086
TAATACGTAGGTGGCAAGCGTT;Zotu2464, Zotu5523, Zotu17086
AATACGTAGGTGGCAAGCGTTG;Zotu2464, Zotu5523
ATACGTAGGTGGCAAGCGTTGT;Zotu2464, Zotu5523
TACGTAGGTGGCAAGCGTTGTC;Zotu2464, Zotu5523
ACGTAGGTGGCAAGCGTTGTCC;Zotu2464, Zotu5523
TAGGTGGCAAGCGTTGTCCGGA;Zotu2464, Zotu5523
AGGTGGCAAGCGTTGTCCGGAA;Zotu2464
GGTGGCAAGCGTTGTCCGGAAT;Zotu2464
GTGGCAAGCGTTGTCCGGAATT;Zotu2464
TGGCAAGCGTTGTCCGGAATTA;Zotu2464
GGCAAGCGTTGTCCGGAATTAC;Zotu2464
GCAAGCGTTGTCCGGAATTACT;Zotu2464
CAAGCGTTGTCCGGAATTACTG;Zotu2464
AAGCGTTGTCCGGAATTACTGG;Zotu2464
AGCGTTGTCCGGAATTACTGGG;Zotu2464
GCGTTGTCCGGAATTACTGGGT;Zotu2464
CGTTGTCCGGAATTACTGGGTG;Zotu2464
GTTGTCCGGAATTACTGGGTGT;Zotu2464
TTGTCCGGAATTACTGGGTGTA;Zotu2464
TACTGGGTGTAAAGGGAGCGCA;Zotu2464
ACTGGGTGTAAAGGGAGCGCAG;Zotu2464
CAGGCGGGACTGCAAGTTGGAT;Zotu2464
AGGCGGGACTGCAAGTTGGATG;Zotu2464
GGCGGGACTGCAAGTTGGATGT;Zotu2464
GCGGGACTGCAAGTTGGATGTG;Zotu2464
CGGGACTGCAAGTTGGATGTGA;Zotu2464
GGGACTGCAAGTTGGATGTGAA;Zotu2464
GGACTGCAAGTTGGATGTGAAA;Zotu2464
GACTGCAAGTTGGATGTGAAAT;Zotu2464
CTGCAAGTTGGATGTGAAATAC;Zotu2464
TGCAAGTTGGATGTGAAATACC;Zotu2464
GCAAGTTGGATGTGAAATACCG;Zotu2464
CAAGTTGGATGTGAAATACCGG;Zotu2464
AAGTTGGATGTGAAATACCGGG;Zotu2464
TAGTTCTTGAGTGAAGTAGAGG;Zotu2464
AGTTCTTGAGTGAAGTAGAGGT;Zotu2464
GTTCTTGAGTGAAGTAGAGGTA;Zotu2464
GAATTCCGAGTGTAGCGGTGAA;Zotu2464
AATTCCGAGTGTAGCGGTGAAA;Zotu2464
ATTCCGAGTGTAGCGGTGAAAT;Zotu2464
TTCCGAGTGTAGCGGTGAAATG;Zotu2464
TCCGAGTGTAGCGGTGAAATGC;Zotu2464
CCGAGTGTAGCGGTGAAATGCG;Zotu2464
CGAGTGTAGCGGTGAAATGCGT;Zotu2464
GAGTGTAGCGGTGAAATGCGTA;Zotu2464
TAGCGGTGAAATGCGTAGAGAT;Zotu1846, Zotu2464
AGCGGTGAAATGCGTAGAGATT;Zotu1846, Zotu2464
GCGGTGAAATGCGTAGAGATTC;Zotu2464
CGGTGAAATGCGTAGAGATTCG;Zotu2464
GGTGAAATGCGTAGAGATTCGG;Zotu2464
GTGAAATGCGTAGAGATTCGGA;Zotu2464
TGAAATGCGTAGAGATTCGGAG;Zotu2464
GAAATGCGTAGAGATTCGGAGG;Zotu2464
AAATGCGTAGAGATTCGGAGGA;Zotu2464
AATGCGTAGAGATTCGGAGGAA;Zotu2464
ATGCGTAGAGATTCGGAGGAAC;Zotu2464
TGCGTAGAGATTCGGAGGAACA;Zotu2464
GCGTAGAGATTCGGAGGAACAC;Zotu2464
CGTAGAGATTCGGAGGAACACC;Zotu2464
GTAGAGATTCGGAGGAACACCA;Zotu2464
TAGAGATTCGGAGGAACACCAG;Zotu2464
AGAGATTCGGAGGAACACCAGT;Zotu2464
GAGATTCGGAGGAACACCAGTG;Zotu2464
AGATTCGGAGGAACACCAGTGG;Zotu2464
GATTCGGAGGAACACCAGTGGC;Zotu2464
ATTCGGAGGAACACCAGTGGCG;Zotu2464
TTCGGAGGAACACCAGTGGCGA;Zotu2464
TCGGAGGAACACCAGTGGCGAA;Zotu2464
GGCGGCCTACTGGGCTTTAACT;Zotu2464
TGACGCTGAGGCTCGAAAGTGT;Zotu2464
GACGCTGAGGCTCGAAAGTGTG;Zotu2464
ACGCTGAGGCTCGAAAGTGTGG;Zotu2464
